[{"username":"aniset0","name":"Angel Niset","email":"aniset0@state.gov","password":"7mSjj21B3gv"},
{"username":"jatwood1","name":"Jori Atwood","email":"jatwood1@mashable.com","password":"gHFRj6"},
{"username":"dplows2","name":"Danila Plows","email":"dplows2@usnews.com","password":"EvQLHLL3Bo"},
{"username":"blower3","name":"Babs Lower","email":"blower3@wufoo.com","password":"EKsPH8VSdSQ"},
{"username":"eteare4","name":"Edvard Teare","email":"eteare4@slideshare.net","password":"3RfJiijZ3K"},
{"username":"ppasfield5","name":"Paulette Pasfield","email":"ppasfield5@about.me","password":"bYgUyEMgE"},
{"username":"dcatherall6","name":"Des Catherall","email":"dcatherall6@discuz.net","password":"AF8KDdp5GY"},
{"username":"cburgess7","name":"Cara Burgess","email":"cburgess7@slashdot.org","password":"GrSonyIT6"},
{"username":"zcosgrave8","name":"Zulema Cosgrave","email":"zcosgrave8@pen.io","password":"MQHUrkaj61"},
{"username":"bbellord9","name":"Bertrand Bellord","email":"bbellord9@deviantart.com","password":"rsdyPO1Yfp"},
{"username":"psarfassa","name":"Philomena Sarfass","email":"psarfassa@cmu.edu","password":"yk5iD9qSJ"},
{"username":"sdob","name":"Sebastian Do Rosario","email":"sdob@skyrock.com","password":"1ckOIHHp"},
{"username":"agoldsackc","name":"Alecia Goldsack","email":"agoldsackc@godaddy.com","password":"KJE6XXo23"},
{"username":"tendeand","name":"Trace Endean","email":"tendeand@dmoz.org","password":"DiBha4RSD"},
{"username":"bslocombe","name":"Bendite Slocomb","email":"bslocombe@pagesperso-orange.fr","password":"ABZA8o"},
{"username":"tfirpof","name":"Thorny Firpo","email":"tfirpof@goo.gl","password":"pJq1AK"},
{"username":"mlibrerosg","name":"Melania Libreros","email":"mlibrerosg@latimes.com","password":"AZMK3K4"},
{"username":"apagramh","name":"Avril Pagram","email":"apagramh@telegraph.co.uk","password":"ZtDrTCa"},
{"username":"iglenfieldi","name":"Ira Glenfield","email":"iglenfieldi@amazonaws.com","password":"a0hFXb9tqBVu"},
{"username":"okoubuj","name":"Ofella Koubu","email":"okoubuj@blog.com","password":"Hmf2RAUp1zg"}]